{"learner":{"attributes":{},"feature_names":[],"feature_types":[],"gradient_booster":{"model":{"cats":{"enc":[],"feature_segments":[],"sorted_idx":[]},"gbtree_model_param":{"num_parallel_tree":"1","num_trees":"10"},"iteration_indptr":[0,1,2,3,4,5,6,7,8,9,10],"tree_info":[0,0,0,0,0,0,0,0,0,0],"trees":[{"base_weights":[-5.7279292E-9,-1.2379382E0,4.356344E0,-3.7276444E-1,-5.5684928E-2,-3.0388945E-1,4.7799044E0,8.611834E-2,1.4593645E0],"categories":[],"categories_nodes":[],"categories_segments":[],"categories_sizes":[],"default_left":[0,0,0,0,0,0,0,0,0],"id":0,"left_children":[1,3,5,-1,-1,-1,7,-1,-1],"loss_changes":[1.4925247E3,8.1481934E-1,1.441217E2,0E0,0E0,0E0,2.0257324E1,0E0,0E0],"parents":[2147483647,0,0,1,1,2,2,6,6],"right_children":[2,4,6,-1,-1,-1,8,-1,-1],"split_conditions":[6.342268E0,6.4244747E0,4.369972E6,-3.7276444E-1,-5.5684928E-2,-3.0388945E-1,8.482146E0,8.611834E-2,1.4593645E0],"split_indices":[76,25,28,0,0,0,5,0,0],"split_type":[0,0,0,0,0,0,0,0,0],"sum_hessian":[2.7475812E2,2.1451534E2,6.024279E1,2.1339973E2,1.1156073E0,4.3030567E0,5.5939735E1,1.1156073E0,5.4824127E1],"tree_param":{"num_deleted":"0","num_feature":"80","num_nodes":"9","size_leaf_vector":"1"}},{"base_weights":[-1.4376572E-1,-1.1586537E0,1.731275E0,-3.1500082E-2,-3.4934056E-1,-2.76697E-1,1.8482282E0,1.8772262E0,-1.007337E-1,9.9760905E-2,1.8943305E0,9.9760905E-2,1.9119056E0,5.770583E-1,1.8903159E-1],"categories":[],"categories_nodes":[],"categories_segments":[],"categories_sizes":[],"default_left":[0,0,0,0,0,0,0,0,0,0,0,0,0,0,0],"id":1,"left_children":[1,3,5,-1,-1,-1,7,9,-1,-1,11,-1,13,-1,-1],"loss_changes":[4.962589E2,9.1386414E-1,3.0136383E1,0E0,0E0,0E0,6.208557E0,1.6706543E0,0E0,0E0,1.72229E0,0E0,5.038452E-2,0E0,0E0],"parents":[2147483647,0,0,1,1,2,2,6,6,7,7,10,10,12,12],"right_children":[2,4,6,-1,-1,-1,8,10,-1,-1,12,-1,14,-1,-1],"split_conditions":[6.342268E0,4.630201E6,4.369972E6,-3.1500082E-2,-3.4934056E-1,-2.76697E-1,4.741734E6,6.639693E-1,-1.007337E-1,9.9760905E-2,4.730803E-2,9.9760905E-2,8.49E3,5.770583E-1,1.8903159E-1],"split_indices":[76,38,28,0,0,0,38,21,0,0,30,0,73,0,0],"split_type":[0,0,0,0,0,0,0,0,0,0,0,0,0,0,0],"sum_hessian":[2.58729E2,1.6811618E2,9.0612816E1,1.0272801E0,1.670889E2,3.5343478E0,8.707847E1,8.6076065E1,1.0024041E0,1.1665466E0,8.4909515E1,1.1665466E0,8.374297E1,8.2494354E1,1.2486178E0],"tree_param":{"num_deleted":"0","num_feature":"80","num_nodes":"15","size_leaf_vector":"1"}},{"base_weights":[-1.4674859E-1,-3.3377045E-1,1.3512715E0,-2.539134E-1,1.4402021E0,-3.9572425E-2,1.489672E0,2.9007903E-1,-2.663807E-1,8.308829E-2,4.520032E-1],"categories":[],"categories_nodes":[],"categories_segments":[],"categories_sizes":[],"default_left":[0,0,0,0,0,0,0,0,0,0,0],"id":2,"left_children":[1,-1,3,-1,5,7,9,-1,-1,-1,-1],"loss_changes":[3.094696E2,0E0,1.7614517E1,0E0,5.988373E0,3.9277287E0,1.1996307E0,0E0,0E0,0E0,0E0],"parents":[2147483647,0,0,2,2,4,4,5,5,6,6],"right_children":[2,-1,4,-1,6,8,10,-1,-1,-1,-1],"split_conditions":[4.891305E0,-3.3377045E-1,4.369972E6,-2.539134E-1,7.87E3,4.6680315E6,6.929E3,2.9007903E-1,-2.663807E-1,8.308829E-2,4.520032E-1],"split_indices":[66,0,28,0,73,38,3,0,0,0,0],"split_type":[0,0,0,0,0,0,0,0,0,0,0],"sum_hessian":[2.1185776E2,1.2896645E2,8.289131E1,2.8925834E0,7.9998726E1,2.5943668E0,7.7404366E1,1.1226681E0,1.4716988E0,1.3094491E0,7.609491E1],"tree_param":{"num_deleted":"0","num_feature":"80","num_nodes":"11","size_leaf_vector":"1"}},{"base_weights":[-1.4558688E-1,-3.218827E-1,1.1665725E0,-2.3378392E-1,1.2457591E0,1.0337123E-1,1.2994664E0,-2.3649898E-1,2.4350522E-1,3.569584E-2,1.3188611E0,3.995209E-1,9.270175E-2],"categories":[],"categories_nodes":[],"categories_segments":[],"categories_sizes":[],"default_left":[0,0,0,0,0,0,0,0,0,0,0,0,0],"id":3,"left_children":[1,-1,3,-1,5,7,9,-1,-1,-1,11,-1,-1],"loss_changes":[2.0701385E2,0E0,1.1833748E1,0E0,4.0456085E0,3.258184E0,1.3308487E0,0E0,0E0,0E0,4.1844177E-1,0E0,0E0],"parents":[2147483647,0,0,2,2,4,4,5,5,6,6,10,10],"right_children":[2,-1,4,-1,6,8,10,-1,-1,-1,12,-1,-1],"split_conditions":[8.414606E0,-3.218827E-1,4.369972E6,-2.3378392E-1,5.399592E0,7.039E3,6.639693E-1,-2.3649898E-1,2.4350522E-1,3.569584E-2,8.49E3,3.995209E-1,9.270175E-2],"split_indices":[74,0,28,0,35,3,21,0,0,0,73,0,0],"split_type":[0,0,0,0,0,0,0,0,0,0,0,0,0],"sum_hessian":[1.6809578E2,9.859621E1,6.9499565E1,2.3719776E0,6.7127594E1,3.1454964E0,6.3982094E1,1.3424748E0,1.8030216E0,1.1495347E0,6.283256E1,6.172683E1,1.1057323E0],"tree_param":{"num_deleted":"0","num_feature":"80","num_nodes":"13","size_leaf_vector":"1"}},{"base_weights":[-1.4240153E-1,-3.1359932E-1,1.0506526E0,-2.1545482E-1,1.1258888E0,1.2263861E-1,1.1906823E0,2.4975637E-1,-2.2315413E-1,1.2067037E0,8.872711E-2,3.6584944E-1,8.9093305E-2],"categories":[],"categories_nodes":[],"categories_segments":[],"categories_sizes":[],"default_left":[0,0,0,0,0,0,0,0,0,0,0,0,0],"id":4,"left_children":[1,-1,3,-1,5,7,9,-1,-1,11,-1,-1,-1],"loss_changes":[1.4361119E2,0E0,8.459343E0,0E0,3.46389E0,3.377271E0,3.8938904E-1,0E0,0E0,2.2923279E-1,0E0,0E0,0E0],"parents":[2147483647,0,0,2,2,4,4,5,5,6,6,9,9],"right_children":[2,-1,4,-1,6,8,10,-1,-1,12,-1,-1,-1],"split_conditions":[7.413313E-2,-3.1359932E-1,4.369972E6,-2.1545482E-1,6.983E3,4.489467E6,5.179669E-2,2.4975637E-1,-2.2315413E-1,7.971E3,8.872711E-2,3.6584944E-1,8.9093305E-2],"split_indices":[70,0,28,0,3,28,30,0,0,33,0,0,0],"split_type":[0,0,0,0,0,0,0,0,0,0,0,0,0],"sum_hessian":[1.31294E2,7.48043E1,5.6489708E1,1.9560642E0,5.4533646E1,3.4838054E0,5.104984E1,1.9364967E0,1.5473087E0,4.980974E1,1.2401016E0,4.8783142E1,1.0265952E0],"tree_param":{"num_deleted":"0","num_feature":"80","num_nodes":"13","size_leaf_vector":"1"}},{"base_weights":[-1.3810498E-1,-1.018759E0,9.723403E-1,-3.0828905E-1,-8.540569E-2,-1.9854313E-1,1.0471507E0,1.0407366E-1,1.1139367E0,2.2541912E-1,-1.9861193E-1,1.1349683E0,7.065275E-2,3.45496E-1,1.1128918E-1],"categories":[],"categories_nodes":[],"categories_segments":[],"categories_sizes":[],"default_left":[0,0,0,0,0,0,0,0,0,0,0,0,0,0,0],"id":5,"left_children":[1,3,5,-1,-1,-1,7,9,11,-1,-1,13,-1,-1,-1],"loss_changes":[1.01550865E2,8.408356E-2,6.3157654E0,0E0,0E0,0E0,2.678505E0,2.4996061E0,4.962654E-1,0E0,0E0,8.397293E-2,0E0,0E0,0E0],"parents":[2147483647,0,0,1,1,2,2,6,6,7,7,8,8,11,11],"right_children":[2,4,6,-1,-1,-1,8,10,12,-1,-1,14,-1,-1,-1],"split_conditions":[5.015309E0,9.280612E0,4.369972E6,-3.0828905E-1,-8.540569E-2,-1.9854313E-1,6.983E3,4.489467E6,3.9570312E6,2.2541912E-1,-1.9861193E-1,2.0504807E1,7.065275E-2,3.45496E-1,1.1128918E-1],"split_indices":[66,55,28,0,0,0,3,28,79,0,0,72,0,0,0],"split_type":[0,0,0,0,0,0,0,0,0,0,0,0,0,0,0],"sum_hessian":[1.0183098E2,5.6837654E1,4.4993324E1,5.576387E1,1.0737861E0,1.626117E0,4.336721E1,3.0372212E0,4.0329987E1,1.6566517E0,1.3805696E0,3.9101753E1,1.2282357E0,3.7769516E1,1.3322368E0],"tree_param":{"num_deleted":"0","num_feature":"80","num_nodes":"15","size_leaf_vector":"1"}},{"base_weights":[-1.3410728E-1,-3.0305722E-1,8.895921E-1,9.848834E-1,-3.6808082E-1,1.0758888E0,3.1394675E-2,7.7754E-2,-2.429935E-1,9.2398725E-2,3.2751444E-1,-2.3372586E-1,2.138653E-1],"categories":[],"categories_nodes":[],"categories_segments":[],"categories_sizes":[],"default_left":[0,0,0,0,0,0,0,0,0,0,0,0,0],"id":6,"left_children":[1,-1,3,5,7,9,11,-1,-1,-1,-1,-1,-1],"loss_changes":[7.242468E1,0E0,4.833912E0,2.9992676E0,1.1400864E0,5.116272E-2,2.8064632E0,0E0,0E0,0E0,0E0,0E0,0E0],"parents":[2147483647,0,0,2,2,3,3,4,4,5,5,6,6],"right_children":[2,-1,4,6,8,10,12,-1,-1,-1,-1,-1,-1],"split_conditions":[6.225627E0,-3.0305722E-1,7.267E0,7.916E3,1.2553935E0,7.477462E-1,6.3987374E0,7.7754E-2,-2.429935E-1,9.2398725E-2,3.2751444E-1,-2.3372586E-1,2.138653E-1],"split_indices":[76,0,25,33,61,11,25,0,0,0,0,0,0],"split_type":[0,0,0,0,0,0,0,0,0,0,0,0,0],"sum_hessian":[7.875284E1,4.2443134E1,3.6309704E1,3.395398E1,2.3557239E0,3.0878431E1,3.0755482E0,1.1445507E0,1.211173E0,1.0367286E0,2.9841702E1,1.3394083E0,1.7361399E0],"tree_param":{"num_deleted":"0","num_feature":"80","num_nodes":"13",